race,filter
white,1
white,2
white,3
white,4
white,5
white,6
white,7
white,8
white,9
white,10
white,11
white,12
white,13
white,14
white,15
white,16
white,17
white,18
white,19
white,20
white,21
white,22
white,23
white,24
white,25
white,26
white,27
white,28
white,29
white,30
white,31
white,32
white,33
white,34
white,35
white,36
white,37
white,38
white,39
white,40
white,41
white,42
white,43
white,44
white,45
white,46
white,47
white,48
white,49
white,50
white,51
white,52
white,53
white,54
white,55
white,56
white,57
white,58
white,59
white,60
white,61
white,62
white,63
white,64
white,65
white,66
white,67
white,68
white,69
white,70
white,71
white,72
white,73
white,74
white,75
white,76
white,77
white,78
white,79
white,80
white,81
white,82
white,83
white,84
white,85
white,86
white,87
white,88
white,89
white,90
white,91
white,92
white,93
white,94
white,95
white,96
white,97
white,98
white,99
white,100
black,1
black,2
black,3
black,4
black,5
black,6
black,7
black,8
black,9
black,10
black,11
black,12
black,13
black,14
black,15
black,16
black,17
black,18
black,19
black,20
black,21
black,22
black,23
black,24
black,25
black,26
black,27
black,28
black,29
black,30
black,31
black,32
black,33
black,34
black,35
black,36
black,37
black,38
black,39
black,40
black,41
black,42
black,43
black,44
black,45
black,46
black,47
black,48
black,49
black,50
black,51
black,52
black,53
black,54
black,55
black,56
black,57
black,58
black,59
black,60
black,61
black,62
black,63
black,64
black,65
black,66
black,67
black,68
black,69
black,70
black,71
black,72
black,73
black,74
black,75
black,76
black,77
black,78
black,79
black,80
black,81
black,82
black,83
black,84
black,85
black,86
black,87
black,88
black,89
black,90
black,91
black,92
black,93
black,94
black,95
black,96
black,97
black,98
black,99
black,100